{"cameraMode":{"drawMode":0,"name":"Shaded","section":"Shading Mode"},"sceneLighting":false,"audioPlay":false,"sceneViewState":{"m_AlwaysRefresh":false,"showFog":true,"showSkybox":false,"showFlares":true,"showImageEffects":true,"showParticleSystems":true,"showVisualEffectGraphs":true,"m_FxEnabled":true},"in2DMode":false,"pivot":{"x":0.22939176857471467,"y":0.9546518325805664,"z":-0.1695626974105835},"rotation":{"x":0.10761357843875885,"y":-0.05686524137854576,"z":0.0062642525881528858,"w":0.992591142654419},"size":1.2724615335464478,"orthographic":true}