{"cameraMode":{"drawMode":0,"name":"Shaded","section":"Shading Mode"},"sceneLighting":false,"audioPlay":false,"sceneViewState":{"m_AlwaysRefresh":false,"showFog":true,"showSkybox":false,"showFlares":true,"showImageEffects":true,"showParticleSystems":true,"showVisualEffectGraphs":true,"m_FxEnabled":true},"in2DMode":false,"pivot":{"x":-1.4053882360458375,"y":-3.4712791442871095,"z":61.57429122924805},"rotation":{"x":-0.005421784706413746,"y":0.9116554260253906,"z":-0.41074469685554507,"w":-0.012033671140670777},"size":17.425132751464845,"orthographic":false}