{"cameraMode":{"drawMode":0,"name":"Shaded","section":"Shading Mode"},"sceneLighting":false,"audioPlay":false,"sceneViewState":{"m_AlwaysRefresh":false,"showFog":true,"showSkybox":false,"showFlares":true,"showImageEffects":true,"showParticleSystems":true,"showVisualEffectGraphs":true,"m_FxEnabled":true},"in2DMode":false,"pivot":{"x":0.04455006122589111,"y":0.9999998807907105,"z":0.059479594230651858},"rotation":{"x":-0.007497390732169151,"y":-0.9897107481956482,"z":0.13171978294849397,"w":-0.056420065462589267},"size":5.594250679016113,"orthographic":true}