{"cameraMode":{"drawMode":0,"name":"Shaded","section":"Shading Mode"},"sceneLighting":false,"audioPlay":false,"sceneViewState":{"m_AlwaysRefresh":false,"showFog":true,"showSkybox":false,"showFlares":true,"showImageEffects":true,"showParticleSystems":true,"showVisualEffectGraphs":true,"m_FxEnabled":true},"in2DMode":false,"pivot":{"x":0.03484392166137695,"y":4.87817907333374,"z":-0.19550037384033204},"rotation":{"x":0.09279029071331024,"y":-0.8732878565788269,"z":0.18339067697525025,"w":0.4417800009250641},"size":9.059048652648926,"orthographic":true}