{"cameraMode":{"drawMode":0,"name":"Shaded","section":"Shading Mode"},"sceneLighting":false,"audioPlay":false,"sceneViewState":{"m_AlwaysRefresh":false,"showFog":true,"showSkybox":false,"showFlares":true,"showImageEffects":true,"showParticleSystems":true,"showVisualEffectGraphs":true,"m_FxEnabled":true},"in2DMode":false,"pivot":{"x":-0.069511778652668,"y":0.5911152362823486,"z":0.025066927075386049},"rotation":{"x":-0.22040608525276185,"y":-0.7517252564430237,"z":0.30637386441230776,"w":-0.5408281087875366},"size":1.1020852327346802,"orthographic":true}