{"cameraMode":{"drawMode":0,"name":"Shaded","section":"Shading Mode"},"sceneLighting":false,"audioPlay":false,"sceneViewState":{"m_AlwaysRefresh":false,"showFog":true,"showSkybox":false,"showFlares":true,"showImageEffects":true,"showParticleSystems":true,"showVisualEffectGraphs":true,"m_FxEnabled":true},"in2DMode":false,"pivot":{"x":0.8763659000396729,"y":0.5344158411026001,"z":-2.066580057144165},"rotation":{"x":0.13100750744342805,"y":0.7363100051879883,"z":-0.14911004900932313,"w":0.6469064950942993},"size":1.6565662622451783,"orthographic":false}