{"cameraMode":{"drawMode":0,"name":"Shaded","section":"Shading Mode"},"sceneLighting":false,"audioPlay":false,"sceneViewState":{"m_AlwaysRefresh":false,"showFog":true,"showSkybox":false,"showFlares":true,"showImageEffects":true,"showParticleSystems":true,"showVisualEffectGraphs":true,"m_FxEnabled":true},"in2DMode":false,"pivot":{"x":-0.32280445098876955,"y":4.446410179138184,"z":-3.374993085861206},"rotation":{"x":-0.004976245574653149,"y":0.9892938137054443,"z":-0.14193712174892426,"w":-0.03479093685746193},"size":8.698979377746582,"orthographic":true}