{"cameraMode":{"drawMode":0,"name":"Shaded","section":"Shading Mode"},"sceneLighting":false,"audioPlay":false,"sceneViewState":{"m_AlwaysRefresh":false,"showFog":true,"showSkybox":false,"showFlares":true,"showImageEffects":true,"showParticleSystems":true,"showVisualEffectGraphs":true,"m_FxEnabled":true},"in2DMode":false,"pivot":{"x":-0.5606441497802734,"y":4.526026725769043,"z":-0.13327407836914063},"rotation":{"x":0.028271177783608438,"y":-0.971751868724823,"z":0.16330605745315553,"w":0.1681510955095291},"size":11.841767311096192,"orthographic":true}