{"cameraMode":{"drawMode":0,"name":"Shaded","section":"Shading Mode"},"sceneLighting":true,"audioPlay":false,"sceneViewState":{"m_AlwaysRefresh":false,"showFog":true,"showSkybox":true,"showFlares":true,"showImageEffects":true,"showParticleSystems":true,"showVisualEffectGraphs":true,"m_FxEnabled":true},"in2DMode":false,"pivot":{"x":-16.708494186401368,"y":2.7973029613494875,"z":-7.303606986999512},"rotation":{"x":-0.006163361482322216,"y":-0.7492046356201172,"z":0.0069769457913935188,"w":-0.6622818112373352},"size":5.07948637008667,"orthographic":false}