{"cameraMode":{"drawMode":0,"name":"Shaded","section":"Shading Mode"},"sceneLighting":false,"audioPlay":false,"sceneViewState":{"m_AlwaysRefresh":false,"showFog":true,"showSkybox":false,"showFlares":true,"showImageEffects":true,"showParticleSystems":true,"showVisualEffectGraphs":true,"m_FxEnabled":true},"in2DMode":false,"pivot":{"x":-0.06580924987792969,"y":3.997199535369873,"z":2.429226875305176},"rotation":{"x":0.09279029071331024,"y":-0.8732878565788269,"z":0.18339067697525025,"w":0.4417800009250641},"size":14.902791023254395,"orthographic":true}