{"cameraMode":{"drawMode":0,"name":"Shaded","section":"Shading Mode"},"sceneLighting":false,"audioPlay":false,"sceneViewState":{"m_AlwaysRefresh":false,"showFog":true,"showSkybox":false,"showFlares":true,"showImageEffects":true,"showParticleSystems":true,"showVisualEffectGraphs":true,"m_FxEnabled":true},"in2DMode":false,"pivot":{"x":-0.00013637542724609375,"y":9.619858741760254,"z":0.05764913558959961},"rotation":{"x":0.09279029071331024,"y":-0.8732878565788269,"z":0.18339067697525025,"w":0.4417800009250641},"size":14.088656425476075,"orthographic":true}