{"cameraMode":{"drawMode":0,"name":"Shaded","section":"Shading Mode"},"sceneLighting":true,"audioPlay":false,"sceneViewState":{"m_AlwaysRefresh":false,"showFog":true,"showSkybox":true,"showFlares":true,"showImageEffects":true,"showParticleSystems":true,"showVisualEffectGraphs":true,"m_FxEnabled":true},"in2DMode":false,"pivot":{"x":4.027703285217285,"y":1.1784229278564454,"z":-13.783504486083985},"rotation":{"x":-0.0022056694142520429,"y":0.9953569769859314,"z":0.023584727197885515,"w":0.09337981790304184},"size":1.2247447967529297,"orthographic":false}