{"cameraMode":{"drawMode":0,"name":"Shaded","section":"Shading Mode"},"sceneLighting":true,"audioPlay":false,"sceneViewState":{"m_AlwaysRefresh":false,"showFog":true,"showSkybox":true,"showFlares":true,"showImageEffects":true,"showParticleSystems":true,"showVisualEffectGraphs":true,"m_FxEnabled":true},"in2DMode":false,"pivot":{"x":0.7937846779823303,"y":0.5354928970336914,"z":1.7970805168151856},"rotation":{"x":0.0019179703667759896,"y":0.988741397857666,"z":-0.14943382143974305,"w":0.012385912239551545},"size":0.7347807884216309,"orthographic":true}