{"cameraMode":{"drawMode":0,"name":"Shaded","section":"Shading Mode"},"sceneLighting":true,"audioPlay":false,"sceneViewState":{"m_AlwaysRefresh":false,"showFog":true,"showSkybox":true,"showFlares":true,"showImageEffects":true,"showParticleSystems":true,"showVisualEffectGraphs":true,"m_FxEnabled":true},"in2DMode":false,"pivot":{"x":-0.2828277349472046,"y":0.9877427816390991,"z":0.9873517751693726},"rotation":{"x":0.17925135791301728,"y":0.2697560787200928,"z":-0.051152098923921588,"w":0.944732129573822},"size":3.301393985748291,"orthographic":true}