{"cameraMode":{"drawMode":0,"name":"Shaded","section":"Shading Mode"},"sceneLighting":true,"audioPlay":false,"sceneViewState":{"m_AlwaysRefresh":false,"showFog":true,"showSkybox":true,"showFlares":true,"showImageEffects":true,"showParticleSystems":true,"showVisualEffectGraphs":true,"m_FxEnabled":true},"in2DMode":false,"pivot":{"x":0.010921851731836796,"y":0.2668602168560028,"z":-0.06779783964157105},"rotation":{"x":-0.3211296796798706,"y":-0.3532656729221344,"z":0.13056418299674989,"w":-0.8689426183700562},"size":1.023773431777954,"orthographic":true}