{"cameraMode":{"drawMode":0,"name":"Shaded","section":"Shading Mode"},"sceneLighting":true,"audioPlay":false,"sceneViewState":{"m_AlwaysRefresh":false,"showFog":true,"showSkybox":true,"showFlares":true,"showImageEffects":true,"showParticleSystems":true,"showVisualEffectGraphs":true,"m_FxEnabled":true},"in2DMode":false,"pivot":{"x":-2.3635611534118654,"y":2.289496898651123,"z":-1.9620871543884278},"rotation":{"x":0.18595820665359498,"y":-0.48572027683258059,"z":0.10658197849988938,"w":0.8474932312965393},"size":4.877686977386475,"orthographic":true}