{"cameraMode":{"drawMode":0,"name":"Shaded","section":"Shading Mode"},"sceneLighting":true,"audioPlay":false,"sceneViewState":{"m_AlwaysRefresh":false,"showFog":true,"showSkybox":true,"showFlares":true,"showImageEffects":true,"showParticleSystems":true,"showVisualEffectGraphs":true,"m_FxEnabled":true},"in2DMode":false,"pivot":{"x":-3.1062467098236086,"y":4.792241096496582,"z":-1.8469352722167969},"rotation":{"x":0.07213757187128067,"y":0.9279002547264099,"z":-0.25980478525161745,"w":0.25765296816825869},"size":4.825314521789551,"orthographic":true}