{"cameraMode":{"drawMode":0,"name":"Shaded","section":"Shading Mode"},"sceneLighting":true,"audioPlay":false,"sceneViewState":{"m_AlwaysRefresh":false,"showFog":true,"showSkybox":true,"showFlares":true,"showImageEffects":true,"showParticleSystems":true,"showVisualEffectGraphs":true,"m_FxEnabled":true},"in2DMode":false,"pivot":{"x":-0.9880466461181641,"y":1.3141334056854249,"z":1.149782657623291},"rotation":{"x":0.29450806975364687,"y":0.2376081645488739,"z":-0.07587054371833801,"w":0.9225867390632629},"size":2.4716384410858156,"orthographic":false}