{"cameraMode":{"drawMode":0,"name":"Shaded","section":"Shading Mode"},"sceneLighting":true,"audioPlay":false,"sceneViewState":{"m_AlwaysRefresh":false,"showFog":true,"showSkybox":true,"showFlares":true,"showImageEffects":true,"showParticleSystems":true,"showVisualEffectGraphs":true,"m_FxEnabled":true},"in2DMode":false,"pivot":{"x":1.1614270210266114,"y":0.3260784149169922,"z":-0.9101890325546265},"rotation":{"x":-0.10898371040821076,"y":0.38465628027915957,"z":-0.045820366591215137,"w":-0.9154724478721619},"size":4.32110071182251,"orthographic":true}