{"cameraMode":{"drawMode":0,"name":"Shaded","section":"Shading Mode"},"sceneLighting":true,"audioPlay":false,"sceneViewState":{"m_AlwaysRefresh":false,"showFog":true,"showSkybox":true,"showFlares":true,"showImageEffects":true,"showParticleSystems":true,"showVisualEffectGraphs":true,"m_FxEnabled":true},"in2DMode":false,"pivot":{"x":0.6330831050872803,"y":0.891197681427002,"z":0.20402906835079194},"rotation":{"x":0.15607616305351258,"y":0.09887059032917023,"z":-0.015637150034308435,"w":0.9827067852020264},"size":1.3644390106201172,"orthographic":true}