{"cameraMode":{"drawMode":0,"name":"Shaded","section":"Shading Mode"},"sceneLighting":false,"audioPlay":false,"sceneViewState":{"m_AlwaysRefresh":false,"showFog":true,"showSkybox":false,"showFlares":true,"showImageEffects":true,"showParticleSystems":true,"showVisualEffectGraphs":true,"m_FxEnabled":true},"in2DMode":false,"pivot":{"x":-0.07696723937988281,"y":4.742858409881592,"z":-0.1798877716064453},"rotation":{"x":0.019500192254781724,"y":-0.9747448563575745,"z":0.20165154337882996,"w":0.0942005142569542},"size":12.223814010620118,"orthographic":true}