{"cameraMode":{"drawMode":0,"name":"Shaded","section":"Shading Mode"},"sceneLighting":true,"audioPlay":false,"sceneViewState":{"m_AlwaysRefresh":false,"showFog":true,"showSkybox":true,"showFlares":true,"showImageEffects":true,"showParticleSystems":true,"showVisualEffectGraphs":true,"m_FxEnabled":true},"in2DMode":false,"pivot":{"x":-0.000001430511474609375,"y":0.941319465637207,"z":-0.0559057891368866},"rotation":{"x":0.18668320775032044,"y":-0.3836372196674347,"z":0.07946883141994477,"w":0.9009382724761963},"size":22.807357788085939,"orthographic":true}