{"cameraMode":{"drawMode":0,"name":"Shaded","section":"Shading Mode"},"sceneLighting":true,"audioPlay":false,"sceneViewState":{"m_AlwaysRefresh":false,"showFog":true,"showSkybox":true,"showFlares":true,"showImageEffects":true,"showParticleSystems":true,"showVisualEffectGraphs":true,"m_FxEnabled":true},"in2DMode":false,"pivot":{"x":106.51017761230469,"y":104.7518310546875,"z":-138.55877685546876},"rotation":{"x":0.07213661819696427,"y":-0.05705596134066582,"z":0.004105652216821909,"w":0.9958332180976868},"size":215.94512939453126,"orthographic":true}