{"cameraMode":{"drawMode":0,"name":"Shaded","section":"Shading Mode"},"sceneLighting":true,"audioPlay":false,"sceneViewState":{"m_AlwaysRefresh":false,"showFog":true,"showSkybox":true,"showFlares":true,"showImageEffects":true,"showParticleSystems":true,"showVisualEffectGraphs":true,"m_FxEnabled":true},"in2DMode":false,"pivot":{"x":0.04630100727081299,"y":-0.20449542999267579,"z":1.0379137992858887},"rotation":{"x":-0.3045671880245209,"y":-0.08642804622650147,"z":0.027762489393353463,"w":-0.9481557607650757},"size":3.241665840148926,"orthographic":false}